pays,frequency
Senegal,20.0520256
Cote d'ivoire,21.022352
Mali,14.231564562
Sierra Leone,3.2124568
Guinee,2.1561456
Guinee Bissau,0.988512
Benin,10.012593
Burkina fassco,8.218946
Ghana,7.215893
Cap vert,0.54213
Gambie,0.9585325
Liberia,0.5413321
Nigeria,5.02248994
Togo,3.50986462
Niger,2.95654986
